airport_code,airport_name,city,timezone
DXW,"{""en"": ""Gorno-Altaysk Airport"", ""ru"": ""ץאפר‏ז‎ט‏‏זמטשכ""}","{""en"": ""Perryland"", ""ru"": ""בכדרכעכחדצעד‎כדככהצ‎""}",Asia/Vladivostok
RBG,"{""en"": ""Volgograd International Airport"", ""ru"": ""תשרףמפסמכףחכהה""}","{""en"": ""Mendozaport"", ""ru"": ""אלעש בקןסוסזףץזבכלין""}",Asia/Yakutsk
BDS,"{""en"": ""Ugolny Airport"", ""ru"": ""תזירדקזתזך‎רהמאש""}","{""en"": ""Davisburgh"", ""ru"": ""ש‏ךךלגפצךהרקק‎ך""}",Asia/Vladivostok
CRM,"{""en"": ""Izhevsk Airport"", ""ru"": ""צבללספעתץןוה""}","{""en"": ""Lopezland"", ""ru"": ""חצמסףצ‗דרץתףתדמרוצ""}",Asia/Krasnoyarsk
RSM,"{""en"": ""Omsk Central Airport"", ""ru"": ""בןטףםאליקגסמף""}","{""en"": ""Port Joannahaven"", ""ru"": ""ראןטפ‎מסןרןןגןאס""}",Europe/Moscow
ZFW,"{""en"": ""Strezhevoy Airport"", ""ru"": ""ןףתאט¸קלףףםד‎קקנ""}","{""en"": ""West Tammyburgh"", ""ru"": ""יכילםףןנירט‏נסשל‏צןה""}",Asia/Vladivostok
KZO,"{""en"": ""Kyzyl Airport"", ""ru"": ""ו‎פדבף‎טעטבלךמ""}","{""en"": ""Johnchester"", ""ru"": ""‗םגגצותא‎א‎גיהשךםר""}",Europe/Samara
FRR,"{""en"": ""Cherepovets Airport"", ""ru"": ""קנתטמעכדמ‏ף""}","{""en"": ""West Troy"", ""ru"": ""צפנוךרןצתגפל‎פתגשוה""}",Europe/Kaliningrad
BBF,"{""en"": ""Tolmachevo Airport"", ""ru"": ""צוטטךןגנששכז""}","{""en"": ""Lake Kennethview"", ""ru"": ""ןבודגנלסצקםוראכשח""}",Europe/Moscow
YHJ,"{""en"": ""Vnukovo International Airport"", ""ru"": ""אנהנעגזשראקקה""}","{""en"": ""Collinsville"", ""ru"": ""במ‏םינונוכלסיבאא‏""}",Europe/Moscow
OHW,"{""en"": ""Ust-Ilimsk Airport"", ""ru"": ""ףםזחטהמךןםזק‎ףע""}","{""en"": ""Amandashire"", ""ru"": ""ראץ‏מבר שפטמהו‎""}",Europe/Moscow
NFD,"{""en"": ""Begishevo Airport"", ""ru"": ""נתךדזגטיךסר‎פסבגפ""}","{""en"": ""East Leslie"", ""ru"": ""ןןנד‏טעם‏טהזתכתחכף""}",Europe/Moscow
TDW,"{""en"": ""Ust-Kut Airport"", ""ru"": ""‗נףמתףובףםשןסאי""}","{""en"": ""Christinastad"", ""ru"": ""‗דבבףךפ‏ץ‏םחה‎כתבר""}",Europe/Moscow
ZIR,"{""en"": ""Koltsovo Airport"", ""ru"": ""טנץצףטטמץםףךיעףץ""}","{""en"": ""Elliottmouth"", ""ru"": ""כזבצניאוןנ‎מהפאקה""}",Europe/Moscow
CFC,"{""en"": ""Talagi Airport"", ""ru"": ""דאגסדריוט מתךר""}","{""en"": ""Santosland"", ""ru"": ""אא‎נתזעגקצפתןקרץזיס""}",Europe/Moscow
